InvoiceNo,CustomerID,InvoiceDate,Quantity,Price,Revenue
10000,1371,2023-06-13,5,379,1895
10001,1454,2023-05-27,5,499,2495
10002,1018,2023-11-12,4,96,384
10003,1345,2023-07-27,4,497,1988
10004,1229,2023-10-26,3,433,1299
10005,1333,2023-02-23,4,146,584
10006,1232,2023-10-18,4,58,232
10007,1214,2023-11-19,3,185,555
10008,1126,2023-02-18,4,336,1344
10009,1152,2023-12-06,4,232,928
10010,1000,2023-01-21,3,123,369
10011,1312,2023-06-28,2,293,586
10012,1443,2023-05-07,4,92,368
10013,1338,2023-03-13,5,314,1570
10014,1422,2023-12-23,3,189,567
10015,1213,2023-10-26,2,286,572
10016,1146,2023-09-14,2,369,738
10017,1485,2023-10-25,1,268,268
10018,1120,2023-01-22,4,347,1388
10019,1499,2023-10-03,5,356,1780
10020,1079,2023-09-12,3,195,585
10021,1352,2023-01-01,5,497,2485
10022,1245,2023-09-11,2,351,702
10023,1059,2023-02-04,3,81,243
10024,1189,2023-02-12,1,74,74
10025,1003,2023-06-07,5,290,1450
10026,1037,2023-04-04,1,424,424
10027,1264,2023-10-16,5,436,2180
10028,1377,2023-08-23,4,329,1316
10029,1019,2023-03-04,2,312,624
10030,1140,2023-03-25,4,101,404
10031,1171,2023-01-07,2,411,822
10032,1166,2023-03-20,2,415,830
10033,1206,2023-11-10,3,348,1044
10034,1117,2023-12-14,2,95,190
10035,1488,2023-08-07,3,195,585
10036,1213,2023-01-25,4,183,732
10037,1478,2023-11-21,2,477,954
10038,1016,2023-11-24,4,158,632
10039,1486,2023-09-23,3,196,588
10040,1126,2023-02-05,4,184,736
10041,1264,2023-10-22,2,199,398
10042,1230,2023-02-02,5,358,1790
10043,1364,2023-05-04,4,123,492
10044,1440,2023-06-10,3,164,492
10045,1476,2023-07-07,2,317,634
10046,1265,2023-09-06,1,420,420
10047,1288,2023-03-08,3,368,1104
10048,1428,2023-04-28,3,221,663
10049,1209,2023-10-07,2,204,408
10050,1237,2023-08-31,5,153,765
10051,1369,2023-05-22,5,445,2225
10052,1148,2023-12-23,3,62,186
10053,1104,2023-05-19,1,117,117
10054,1428,2023-05-22,4,278,1112
10055,1428,2023-03-19,3,175,525
10056,1333,2023-10-20,2,251,502
10057,1422,2023-06-05,1,341,341
10058,1079,2023-07-17,4,336,1344
10059,1355,2023-02-05,5,51,255
10060,1431,2023-03-10,1,296,296
10061,1093,2023-05-27,3,432,1296
10062,1334,2023-02-25,3,179,537
10063,1253,2023-03-30,5,328,1640
10064,1128,2023-10-13,1,70,70
10065,1307,2023-11-28,2,457,914
10066,1188,2023-10-24,2,442,884
10067,1182,2023-10-31,5,359,1795
10068,1400,2023-01-14,4,328,1312
10069,1339,2023-03-16,4,86,344
10070,1281,2023-08-29,2,489,978
10071,1370,2023-08-03,2,304,608
10072,1032,2023-07-11,2,289,578
10073,1362,2023-03-02,4,317,1268
10074,1453,2023-04-21,1,225,225
10075,1460,2023-02-22,5,499,2495
10076,1319,2023-08-11,3,82,246
10077,1453,2023-12-02,1,412,412
10078,1253,2023-07-09,1,292,292
10079,1495,2023-08-22,1,183,183
10080,1275,2023-04-15,2,317,634
10081,1153,2023-01-28,4,402,1608
10082,1339,2023-04-07,2,487,974
10083,1087,2023-10-15,1,273,273
10084,1059,2023-08-29,5,442,2210
10085,1099,2023-05-02,2,368,736
10086,1444,2023-11-07,5,112,560
10087,1164,2023-11-27,4,438,1752
10088,1185,2023-02-24,2,396,792
10089,1272,2023-07-07,4,138,552
10090,1460,2023-09-16,3,348,1044
10091,1033,2023-04-26,3,202,606
10092,1288,2023-06-11,5,306,1530
10093,1162,2023-04-08,5,171,855
10094,1500,2023-07-08,5,254,1270
10095,1267,2023-08-27,4,352,1408
10096,1364,2023-01-13,3,464,1392
10097,1158,2023-09-06,4,114,456
10098,1404,2023-07-25,4,125,500
10099,1261,2023-05-10,3,478,1434
10100,1190,2023-10-21,3,330,990
10101,1497,2023-06-11,3,291,873
10102,1390,2023-05-30,3,411,1233
10103,1283,2023-02-06,2,76,152
10104,1154,2023-07-16,2,125,250
10105,1091,2023-02-21,5,472,2360
10106,1274,2023-10-11,1,351,351
10107,1007,2023-10-13,3,152,456
10108,1130,2023-08-30,1,172,172
10109,1427,2023-05-07,4,470,1880
10110,1286,2023-07-06,1,229,229
10111,1358,2023-09-20,4,331,1324
10112,1179,2023-03-26,5,188,940
10113,1128,2023-06-07,2,106,212
10114,1314,2023-01-01,3,180,540
10115,1359,2023-06-14,2,487,974
10116,1472,2023-12-16,2,120,240
10117,1028,2023-08-24,1,400,400
10118,1340,2023-07-12,3,91,273
10119,1250,2023-04-16,2,54,108
10120,1275,2023-11-24,2,185,370
10121,1160,2023-03-06,3,144,432
10122,1451,2023-02-03,1,277,277
10123,1120,2023-01-27,5,83,415
10124,1369,2023-03-12,3,177,531
10125,1259,2023-02-19,4,463,1852
10126,1022,2023-07-01,2,266,532
10127,1314,2023-05-23,5,220,1100
10128,1009,2023-10-01,3,188,564
10129,1313,2023-12-22,2,307,614
10130,1212,2023-05-22,5,343,1715
10131,1476,2023-09-25,5,96,480
10132,1440,2023-06-24,4,262,1048
10133,1478,2023-08-31,5,472,2360
10134,1157,2023-01-05,1,488,488
10135,1271,2023-11-15,4,209,836
10136,1197,2023-06-01,1,219,219
10137,1270,2023-03-17,5,232,1160
10138,1280,2023-01-08,3,465,1395
10139,1447,2023-10-26,5,378,1890
10140,1264,2023-05-06,4,327,1308
10141,1254,2023-04-22,2,257,514
10142,1140,2023-08-26,2,59,118
10143,1453,2023-03-09,4,314,1256
10144,1316,2023-09-01,5,227,1135
10145,1233,2023-01-16,3,392,1176
10146,1039,2023-03-06,1,383,383
10147,1149,2023-12-15,4,232,928
10148,1156,2023-04-18,5,63,315
10149,1172,2023-03-15,3,450,1350
10150,1402,2023-07-03,4,459,1836
10151,1068,2023-03-21,3,353,1059
10152,1290,2023-06-30,5,408,2040
10153,1291,2023-01-19,2,284,568
10154,1084,2023-05-12,4,245,980
10155,1320,2023-05-31,5,162,810
10156,1385,2023-04-13,5,483,2415
10157,1197,2023-01-30,3,480,1440
10158,1222,2023-02-16,4,396,1584
10159,1282,2023-03-18,2,68,136
10160,1337,2023-02-11,4,463,1852
10161,1072,2023-07-04,4,237,948
10162,1393,2023-11-18,1,55,55
10163,1429,2023-04-23,5,304,1520
10164,1258,2023-06-22,5,299,1495
10165,1109,2023-12-02,1,202,202
10166,1007,2023-05-28,3,257,771
10167,1309,2023-08-26,3,124,372
10168,1115,2023-08-02,3,440,1320
10169,1356,2023-04-26,3,367,1101
10170,1384,2023-05-13,3,486,1458
10171,1361,2023-03-28,1,272,272
10172,1108,2023-07-07,3,391,1173
10173,1233,2023-10-11,4,311,1244
10174,1279,2023-06-14,4,291,1164
10175,1299,2023-02-09,3,464,1392
10176,1264,2023-03-22,1,282,282
10177,1129,2023-06-04,3,416,1248
10178,1080,2023-05-21,1,490,490
10179,1049,2023-05-26,4,79,316
10180,1059,2023-08-07,2,280,560
10181,1231,2023-08-11,1,308,308
10182,1237,2023-01-15,2,423,846
10183,1417,2023-10-02,3,331,993
10184,1381,2023-05-26,3,336,1008
10185,1405,2023-02-07,2,204,408
10186,1037,2023-12-10,1,51,51
10187,1447,2023-09-08,2,237,474
10188,1313,2023-03-18,2,176,352
10189,1097,2023-10-12,2,168,336
10190,1386,2023-04-07,5,478,2390
10191,1106,2023-01-02,3,249,747
10192,1290,2023-04-01,2,138,276
10193,1163,2023-08-02,1,179,179
10194,1420,2023-04-20,2,155,310
10195,1137,2023-02-04,4,187,748
10196,1046,2023-12-22,1,272,272
10197,1069,2023-11-25,5,145,725
10198,1331,2023-03-28,1,315,315
10199,1352,2023-07-29,4,467,1868
10200,1026,2023-11-22,5,170,850
10201,1268,2023-10-06,4,316,1264
10202,1008,2023-02-28,2,127,254
10203,1478,2023-05-28,2,156,312
10204,1153,2023-03-16,2,81,162
10205,1220,2023-10-22,3,308,924
10206,1271,2023-11-19,4,308,1232
10207,1413,2023-02-17,3,155,465
10208,1087,2023-09-17,5,351,1755
10209,1248,2023-08-24,4,363,1452
10210,1028,2023-05-25,5,365,1825
10211,1137,2023-05-21,4,232,928
10212,1257,2023-01-22,5,282,1410
10213,1143,2023-04-26,1,465,465
10214,1157,2023-02-14,5,140,700
10215,1430,2023-06-15,4,91,364
10216,1419,2023-08-30,4,64,256
10217,1339,2023-03-18,3,340,1020
10218,1281,2023-03-22,2,475,950
10219,1203,2023-12-06,5,453,2265
10220,1024,2023-02-02,1,349,349
10221,1237,2023-12-12,1,460,460
10222,1244,2023-04-06,3,281,843
10223,1312,2023-10-12,4,51,204
10224,1172,2023-07-24,5,201,1005
10225,1157,2023-09-23,1,443,443
10226,1319,2023-06-29,3,305,915
10227,1213,2023-10-16,4,71,284
10228,1171,2023-04-26,4,381,1524
10229,1030,2023-08-19,4,376,1504
10230,1054,2023-05-10,4,286,1144
10231,1413,2023-06-25,1,478,478
10232,1117,2023-03-13,5,118,590
10233,1035,2023-08-19,5,406,2030
10234,1417,2023-05-14,4,418,1672
10235,1067,2023-07-01,1,464,464
10236,1321,2023-11-27,4,472,1888
10237,1289,2023-05-29,1,463,463
10238,1311,2023-08-28,4,380,1520
10239,1235,2023-07-14,4,342,1368
10240,1220,2023-01-24,3,69,207
10241,1183,2023-12-02,1,64,64
10242,1430,2023-05-11,3,305,915
10243,1355,2023-05-22,4,109,436
10244,1456,2023-10-07,3,57,171
10245,1483,2023-04-28,3,466,1398
10246,1476,2023-05-22,1,205,205
10247,1030,2023-05-25,4,100,400
10248,1441,2023-10-17,3,308,924
10249,1083,2023-09-08,1,437,437
10250,1245,2023-02-04,1,360,360
10251,1440,2023-02-14,1,381,381
10252,1476,2023-11-28,5,134,670
10253,1218,2023-07-04,2,300,600
10254,1481,2023-02-08,4,171,684
10255,1107,2023-03-29,5,392,1960
10256,1212,2023-06-15,2,475,950
10257,1291,2023-10-05,1,199,199
10258,1468,2023-10-12,5,100,500
10259,1076,2023-02-25,3,103,309
10260,1042,2023-03-13,1,375,375
10261,1346,2023-03-02,4,81,324
10262,1155,2023-06-06,1,192,192
10263,1228,2023-09-03,3,192,576
10264,1470,2023-10-05,1,289,289
10265,1481,2023-10-22,3,203,609
10266,1359,2023-03-05,5,240,1200
10267,1336,2023-08-14,3,310,930
10268,1387,2023-10-02,1,301,301
10269,1183,2023-11-05,5,204,1020
10270,1065,2023-07-11,3,272,816
10271,1368,2023-01-08,5,313,1565
10272,1040,2023-05-23,2,441,882
10273,1163,2023-04-21,5,306,1530
10274,1150,2023-03-27,2,409,818
10275,1412,2023-01-09,1,382,382
10276,1449,2023-07-19,1,266,266
10277,1409,2023-12-19,2,305,610
10278,1140,2023-09-17,3,139,417
10279,1111,2023-07-14,4,136,544
10280,1121,2023-05-17,4,468,1872
10281,1093,2023-11-18,2,412,824
10282,1026,2023-04-18,4,377,1508
10283,1352,2023-08-12,2,181,362
10284,1149,2023-11-01,2,93,186
10285,1153,2023-09-19,3,381,1143
10286,1244,2023-07-27,2,394,788
10287,1187,2023-06-21,3,110,330
10288,1312,2023-10-14,3,247,741
10289,1283,2023-11-06,4,319,1276
10290,1376,2023-08-04,1,224,224
10291,1499,2023-08-04,2,374,748
10292,1488,2023-04-08,4,324,1296
10293,1424,2023-12-22,4,459,1836
10294,1431,2023-11-30,1,455,455
10295,1249,2023-12-05,1,411,411
10296,1241,2023-11-21,5,81,405
10297,1111,2023-04-07,1,127,127
10298,1404,2023-03-14,4,228,912
10299,1464,2023-01-11,3,476,1428
10300,1302,2023-08-15,4,127,508
10301,1356,2023-01-07,3,54,162
10302,1317,2023-03-01,4,367,1468
10303,1206,2023-02-20,3,344,1032
10304,1116,2023-12-03,5,139,695
10305,1185,2023-02-15,3,98,294
10306,1033,2023-03-19,5,147,735
10307,1008,2023-07-17,2,146,292
10308,1467,2023-04-23,2,218,436
10309,1056,2023-05-05,1,94,94
10310,1126,2023-06-23,3,255,765
10311,1283,2023-10-23,3,210,630
10312,1325,2023-12-10,1,236,236
10313,1266,2023-11-26,1,373,373
10314,1218,2023-07-17,2,391,782
10315,1331,2023-04-29,4,283,1132
10316,1046,2023-03-10,3,403,1209
10317,1489,2023-03-21,2,190,380
10318,1401,2023-02-11,5,493,2465
10319,1046,2023-05-02,5,284,1420
10320,1269,2023-06-16,5,255,1275
10321,1144,2023-02-18,4,456,1824
10322,1232,2023-10-09,1,453,453
10323,1173,2023-08-08,2,322,644
10324,1140,2023-10-30,4,59,236
10325,1444,2023-03-23,4,267,1068
10326,1406,2023-11-14,2,493,986
10327,1311,2023-03-14,2,256,512
10328,1127,2023-02-27,5,79,395
10329,1173,2023-06-25,3,185,555
10330,1357,2023-03-18,3,434,1302
10331,1434,2023-08-12,2,292,584
10332,1373,2023-11-10,3,267,801
10333,1364,2023-08-31,4,248,992
10334,1017,2023-10-09,4,137,548
10335,1331,2023-12-13,5,419,2095
10336,1389,2023-05-21,2,201,402
10337,1122,2023-02-08,2,125,250
10338,1427,2023-08-02,3,273,819
10339,1209,2023-10-30,4,314,1256
10340,1457,2023-04-09,3,112,336
10341,1488,2023-10-08,1,201,201
10342,1214,2023-12-18,3,335,1005
10343,1227,2023-07-15,2,121,242
10344,1237,2023-10-27,1,236,236
10345,1232,2023-10-06,1,142,142
10346,1369,2023-06-01,5,200,1000
10347,1111,2023-09-19,4,214,856
10348,1366,2023-04-05,5,487,2435
10349,1481,2023-01-06,1,212,212
10350,1318,2023-10-31,5,442,2210
10351,1037,2023-05-27,5,176,880
10352,1334,2023-12-26,3,85,255
10353,1322,2023-05-18,4,194,776
10354,1279,2023-06-18,1,95,95
10355,1087,2023-08-11,5,331,1655
10356,1256,2023-11-27,5,450,2250
10357,1027,2023-06-11,5,102,510
10358,1219,2023-03-15,2,411,822
10359,1487,2023-03-02,3,379,1137
10360,1339,2023-09-10,5,405,2025
10361,1352,2023-02-18,4,215,860
10362,1300,2023-06-23,1,377,377
10363,1389,2023-08-31,5,252,1260
10364,1125,2023-01-18,5,192,960
10365,1393,2023-05-23,2,227,454
10366,1399,2023-02-23,4,349,1396
10367,1027,2023-08-17,3,404,1212
10368,1417,2023-07-17,2,112,224
10369,1028,2023-01-23,1,406,406
10370,1002,2023-03-16,1,500,500
10371,1113,2023-12-21,2,73,146
10372,1391,2023-03-24,1,121,121
10373,1069,2023-12-13,5,69,345
10374,1270,2023-04-30,2,140,280
10375,1349,2023-09-29,1,426,426
10376,1200,2023-10-02,5,284,1420
10377,1077,2023-12-21,5,146,730
10378,1030,2023-02-18,4,94,376
10379,1085,2023-01-13,4,210,840
10380,1288,2023-08-10,2,163,326
10381,1103,2023-08-24,3,320,960
10382,1012,2023-01-30,1,431,431
10383,1319,2023-02-25,5,488,2440
10384,1498,2023-03-14,2,78,156
10385,1106,2023-03-08,3,338,1014
10386,1374,2023-08-23,2,150,300
10387,1387,2023-10-24,1,144,144
10388,1177,2023-11-17,2,92,184
10389,1128,2023-06-23,5,406,2030
10390,1019,2023-07-08,2,162,324
10391,1212,2023-12-09,5,366,1830
10392,1223,2023-05-07,2,347,694
10393,1237,2023-06-06,3,383,1149
10394,1054,2023-04-03,3,126,378
10395,1177,2023-12-10,3,314,942
10396,1235,2023-04-09,3,85,255
10397,1364,2023-07-01,5,455,2275
10398,1434,2023-09-06,5,389,1945
10399,1494,2023-03-20,4,217,868
10400,1251,2023-06-28,1,168,168
10401,1223,2023-12-21,3,242,726
10402,1204,2023-08-29,4,157,628
10403,1270,2023-01-13,1,126,126
10404,1350,2023-01-08,1,50,50
10405,1497,2023-04-20,5,129,645
10406,1063,2023-05-08,5,141,705
10407,1372,2023-09-22,5,268,1340
10408,1116,2023-06-06,2,465,930
10409,1039,2023-02-13,4,206,824
10410,1494,2023-02-06,1,433,433
10411,1451,2023-07-14,2,480,960
10412,1493,2023-02-01,2,281,562
10413,1482,2023-07-09,1,121,121
10414,1488,2023-09-13,1,491,491
10415,1419,2023-10-12,5,430,2150
10416,1054,2023-10-07,3,148,444
10417,1114,2023-05-31,1,443,443
10418,1398,2023-10-05,2,59,118
10419,1093,2023-06-15,1,333,333
10420,1045,2023-11-06,4,230,920
10421,1451,2023-05-01,2,436,872
10422,1413,2023-01-14,2,436,872
10423,1457,2023-02-12,5,128,640
10424,1465,2023-06-18,2,171,342
10425,1341,2023-02-12,5,153,765
10426,1465,2023-05-28,4,405,1620
10427,1071,2023-02-10,4,154,616
10428,1378,2023-03-08,5,468,2340
10429,1268,2023-08-07,1,267,267
10430,1480,2023-02-19,1,457,457
10431,1491,2023-06-19,1,219,219
10432,1451,2023-03-25,3,248,744
10433,1414,2023-11-16,3,489,1467
10434,1343,2023-05-13,2,54,108
10435,1383,2023-12-18,3,419,1257
10436,1240,2023-06-16,4,90,360
10437,1039,2023-06-20,1,302,302
10438,1022,2023-10-29,1,204,204
10439,1356,2023-05-09,5,432,2160
10440,1249,2023-10-19,5,405,2025
10441,1374,2023-01-11,1,126,126
10442,1485,2023-06-16,5,438,2190
10443,1258,2023-09-23,1,319,319
10444,1098,2023-01-02,3,313,939
10445,1441,2023-09-13,4,371,1484
10446,1188,2023-02-22,2,423,846
10447,1249,2023-04-21,5,160,800
10448,1071,2023-06-08,2,120,240
10449,1388,2023-11-02,3,99,297
10450,1407,2023-06-27,4,103,412
10451,1267,2023-01-17,3,149,447
10452,1113,2023-07-27,2,159,318
10453,1142,2023-06-01,2,214,428
10454,1354,2023-12-30,3,325,975
10455,1197,2023-10-05,3,346,1038
10456,1485,2023-11-12,3,181,543
10457,1334,2023-10-28,2,408,816
10458,1490,2023-04-25,5,154,770
10459,1373,2023-11-22,3,268,804
10460,1282,2023-08-12,4,196,784
10461,1358,2023-02-10,4,121,484
10462,1293,2023-03-19,2,65,130
10463,1089,2023-12-18,3,226,678
10464,1116,2023-04-25,4,345,1380
10465,1406,2023-12-23,3,104,312
10466,1190,2023-07-13,4,234,936
10467,1222,2023-02-20,3,366,1098
10468,1198,2023-01-08,1,332,332
10469,1147,2023-07-21,4,112,448
10470,1249,2023-06-14,2,192,384
10471,1449,2023-12-11,1,330,330
10472,1222,2023-02-15,2,284,568
10473,1236,2023-11-17,2,446,892
10474,1066,2023-10-26,2,431,862
10475,1201,2023-11-16,2,132,264
10476,1045,2023-03-28,5,89,445
10477,1305,2023-03-18,1,225,225
10478,1476,2023-12-12,3,92,276
10479,1100,2023-05-13,4,368,1472
10480,1303,2023-08-31,5,126,630
10481,1384,2023-01-02,5,273,1365
10482,1084,2023-06-07,5,346,1730
10483,1259,2023-08-12,1,349,349
10484,1360,2023-01-06,2,217,434
10485,1028,2023-07-01,5,117,585
10486,1193,2023-09-20,4,108,432
10487,1254,2023-12-12,5,132,660
10488,1461,2023-08-04,1,368,368
10489,1290,2023-09-22,3,87,261
10490,1499,2023-01-12,4,226,904
10491,1232,2023-07-24,4,250,1000
10492,1390,2023-08-24,3,113,339
10493,1416,2023-02-27,2,465,930
10494,1240,2023-09-13,5,72,360
10495,1101,2023-08-22,4,214,856
10496,1458,2023-08-26,5,162,810
10497,1279,2023-02-05,3,229,687
10498,1295,2023-03-30,4,80,320
10499,1085,2023-05-04,4,339,1356
10500,1018,2023-04-29,2,450,900
10501,1032,2023-10-25,2,381,762
10502,1308,2023-05-15,5,250,1250
10503,1300,2023-04-25,4,124,496
10504,1355,2023-07-20,2,227,454
10505,1173,2023-03-11,4,115,460
10506,1404,2023-12-08,4,212,848
10507,1290,2023-06-02,5,484,2420
10508,1394,2023-06-27,4,208,832
10509,1317,2023-04-12,2,344,688
10510,1170,2023-12-05,5,223,1115
10511,1383,2023-09-19,3,239,717
10512,1021,2023-10-17,5,335,1675
10513,1375,2023-07-11,2,454,908
10514,1130,2023-04-20,4,468,1872
10515,1107,2023-04-18,5,97,485
10516,1353,2023-10-12,1,201,201
10517,1221,2023-01-15,1,320,320
10518,1004,2023-07-18,4,235,940
10519,1191,2023-12-03,5,461,2305
10520,1182,2023-11-07,5,482,2410
10521,1095,2023-09-03,2,200,400
10522,1230,2023-08-14,3,70,210
10523,1417,2023-11-16,2,243,486
10524,1216,2023-12-15,5,421,2105
10525,1347,2023-08-19,1,170,170
10526,1168,2023-04-16,3,266,798
10527,1485,2023-02-12,4,342,1368
10528,1498,2023-04-06,4,205,820
10529,1348,2023-07-28,4,325,1300
10530,1445,2023-11-29,5,390,1950
10531,1034,2023-12-11,3,385,1155
10532,1142,2023-05-16,3,360,1080
10533,1143,2023-06-04,1,136,136
10534,1165,2023-05-25,4,458,1832
10535,1128,2023-03-08,1,348,348
10536,1243,2023-05-08,5,261,1305
10537,1310,2023-05-08,3,159,477
10538,1220,2023-01-01,5,83,415
10539,1136,2023-04-06,1,169,169
10540,1154,2023-09-05,1,329,329
10541,1044,2023-09-04,2,81,162
10542,1395,2023-10-23,2,318,636
10543,1086,2023-07-25,3,82,246
10544,1291,2023-11-27,4,183,732
10545,1165,2023-02-19,5,306,1530
10546,1203,2023-01-08,1,361,361
10547,1254,2023-02-04,5,238,1190
10548,1119,2023-03-20,2,124,248
10549,1121,2023-07-16,1,70,70
10550,1345,2023-06-19,4,86,344
10551,1107,2023-05-07,2,231,462
10552,1419,2023-07-14,2,423,846
10553,1194,2023-03-22,4,249,996
10554,1054,2023-03-28,5,492,2460
10555,1246,2023-04-01,2,419,838
10556,1319,2023-01-09,1,81,81
10557,1090,2023-12-24,5,269,1345
10558,1332,2023-10-04,3,181,543
10559,1264,2023-10-16,4,310,1240
10560,1476,2023-10-09,3,71,213
10561,1150,2023-04-07,5,193,965
10562,1344,2023-02-19,2,349,698
10563,1383,2023-06-11,4,304,1216
10564,1035,2023-03-03,2,77,154
10565,1396,2023-02-07,1,152,152
10566,1437,2023-02-23,1,216,216
10567,1016,2023-02-15,2,145,290
10568,1056,2023-09-02,2,297,594
10569,1136,2023-06-02,3,475,1425
10570,1354,2023-03-14,4,271,1084
10571,1041,2023-07-22,4,188,752
10572,1035,2023-07-14,4,341,1364
10573,1337,2023-02-09,3,209,627
10574,1077,2023-11-15,2,318,636
10575,1396,2023-08-28,4,258,1032
10576,1363,2023-08-28,5,184,920
10577,1196,2023-08-05,1,416,416
10578,1279,2023-08-29,1,461,461
10579,1415,2023-01-16,5,157,785
10580,1322,2023-07-15,1,211,211
10581,1491,2023-06-18,1,86,86
10582,1212,2023-04-01,1,228,228
10583,1049,2023-04-07,5,458,2290
10584,1327,2023-01-17,2,140,280
10585,1305,2023-05-09,5,111,555
10586,1206,2023-09-01,2,259,518
10587,1298,2023-12-25,4,110,440
10588,1144,2023-06-18,3,119,357
10589,1135,2023-07-28,5,105,525
10590,1357,2023-01-20,3,310,930
10591,1390,2023-07-27,1,118,118
10592,1426,2023-11-30,1,428,428
10593,1138,2023-05-17,5,355,1775
10594,1429,2023-02-08,5,239,1195
10595,1298,2023-02-07,2,68,136
10596,1168,2023-11-26,5,229,1145
10597,1456,2023-04-18,2,487,974
10598,1067,2023-03-31,5,422,2110
10599,1321,2023-06-24,2,118,236
10600,1069,2023-10-15,2,260,520
10601,1135,2023-09-19,4,433,1732
10602,1065,2023-10-08,3,192,576
10603,1448,2023-08-07,4,86,344
10604,1353,2023-02-12,3,405,1215
10605,1009,2023-08-14,2,366,732
10606,1336,2023-08-28,5,121,605
10607,1406,2023-06-22,1,309,309
10608,1224,2023-10-27,2,218,436
10609,1160,2023-08-18,5,202,1010
10610,1416,2023-11-28,1,325,325
10611,1033,2023-12-14,3,431,1293
10612,1270,2023-09-07,5,336,1680
10613,1221,2023-07-21,2,287,574
10614,1153,2023-07-01,2,378,756
10615,1106,2023-02-21,2,377,754
10616,1191,2023-01-16,2,367,734
10617,1033,2023-06-24,2,225,450
10618,1404,2023-06-14,1,327,327
10619,1230,2023-04-05,2,454,908
10620,1254,2023-11-13,4,164,656
10621,1202,2023-12-04,4,472,1888
10622,1127,2023-09-27,1,141,141
10623,1076,2023-07-01,4,224,896
10624,1495,2023-12-08,1,237,237
10625,1308,2023-02-24,3,148,444
10626,1090,2023-02-01,4,332,1328
10627,1264,2023-05-11,4,160,640
10628,1323,2023-12-31,4,152,608
10629,1305,2023-01-29,3,201,603
10630,1293,2023-12-11,5,166,830
10631,1143,2023-06-29,1,442,442
10632,1261,2023-08-20,5,383,1915
10633,1275,2023-10-20,4,68,272
10634,1345,2023-07-30,4,322,1288
10635,1269,2023-09-18,5,323,1615
10636,1480,2023-06-25,2,92,184
10637,1491,2023-11-10,2,386,772
10638,1478,2023-08-26,4,252,1008
10639,1047,2023-11-16,3,477,1431
10640,1466,2023-06-18,3,447,1341
10641,1206,2023-11-12,4,181,724
10642,1227,2023-10-14,2,316,632
10643,1277,2023-02-04,5,195,975
10644,1435,2023-03-17,3,469,1407
10645,1041,2023-03-18,4,309,1236
10646,1399,2023-05-25,1,194,194
10647,1065,2023-03-24,1,271,271
10648,1028,2023-03-03,3,186,558
10649,1023,2023-03-15,4,233,932
10650,1129,2023-03-02,2,125,250
10651,1060,2023-08-20,2,97,194
10652,1119,2023-02-14,5,109,545
10653,1180,2023-02-24,1,146,146
10654,1176,2023-10-03,5,71,355
10655,1282,2023-11-23,3,459,1377
10656,1471,2023-03-09,1,468,468
10657,1291,2023-02-08,2,215,430
10658,1467,2023-06-05,3,247,741
10659,1219,2023-12-30,2,185,370
10660,1463,2023-10-20,4,172,688
10661,1498,2023-06-04,2,467,934
10662,1409,2023-03-04,3,471,1413
10663,1134,2023-08-09,4,74,296
10664,1148,2023-05-16,4,273,1092
10665,1135,2023-11-23,1,387,387
10666,1421,2023-06-25,3,314,942
10667,1477,2023-12-18,1,78,78
10668,1440,2023-09-29,1,375,375
10669,1140,2023-12-15,4,393,1572
10670,1479,2023-02-16,1,65,65
10671,1122,2023-03-27,4,124,496
10672,1088,2023-10-26,2,269,538
10673,1383,2023-08-15,4,333,1332
10674,1287,2023-01-15,4,417,1668
10675,1262,2023-12-18,1,329,329
10676,1155,2023-03-13,1,458,458
10677,1357,2023-08-27,1,459,459
10678,1477,2023-03-02,2,480,960
10679,1206,2023-07-28,4,380,1520
10680,1215,2023-01-07,1,190,190
10681,1185,2023-10-05,4,276,1104
10682,1052,2023-10-01,3,100,300
10683,1387,2023-04-09,5,166,830
10684,1386,2023-06-06,4,210,840
10685,1151,2023-11-25,3,432,1296
10686,1354,2023-10-07,5,384,1920
10687,1047,2023-04-20,4,186,744
10688,1292,2023-10-12,4,404,1616
10689,1109,2023-01-09,4,188,752
10690,1091,2023-11-01,5,386,1930
10691,1040,2023-06-25,3,361,1083
10692,1378,2023-12-10,2,111,222
10693,1441,2023-05-28,1,350,350
10694,1192,2023-11-06,5,192,960
10695,1324,2023-06-29,5,319,1595
10696,1032,2023-05-21,1,231,231
10697,1324,2023-12-02,3,370,1110
10698,1419,2023-03-28,1,71,71
10699,1157,2023-09-23,1,428,428
10700,1098,2023-06-19,5,72,360
10701,1233,2023-02-05,3,491,1473
10702,1182,2023-05-15,2,277,554
10703,1303,2023-05-08,3,304,912
10704,1052,2023-09-24,5,181,905
10705,1065,2023-07-15,5,186,930
10706,1117,2023-09-13,1,370,370
10707,1010,2023-08-12,1,370,370
10708,1402,2023-10-05,1,297,297
10709,1461,2023-06-30,3,363,1089
10710,1205,2023-09-05,4,414,1656
10711,1472,2023-07-23,1,477,477
10712,1039,2023-11-09,2,132,264
10713,1086,2023-03-21,4,467,1868
10714,1393,2023-12-18,2,113,226
10715,1273,2023-12-31,4,88,352
10716,1241,2023-08-30,2,99,198
10717,1139,2023-10-31,5,447,2235
10718,1237,2023-09-21,5,116,580
10719,1444,2023-01-18,2,240,480
10720,1475,2023-02-08,3,331,993
10721,1239,2023-07-22,5,299,1495
10722,1318,2023-12-06,5,161,805
10723,1395,2023-03-04,2,192,384
10724,1051,2023-06-26,4,97,388
10725,1298,2023-01-10,1,490,490
10726,1412,2023-06-12,5,433,2165
10727,1086,2023-11-16,3,377,1131
10728,1302,2023-06-02,4,320,1280
10729,1325,2023-08-10,5,452,2260
10730,1062,2023-11-10,4,387,1548
10731,1159,2023-07-02,5,72,360
10732,1397,2023-10-13,5,454,2270
10733,1244,2023-03-11,3,121,363
10734,1085,2024-01-01,2,127,254
10735,1343,2023-12-28,5,341,1705
10736,1428,2023-09-24,5,396,1980
10737,1241,2023-04-02,4,304,1216
10738,1252,2023-10-02,3,125,375
10739,1340,2023-11-24,5,189,945
10740,1342,2023-04-26,1,159,159
10741,1258,2023-09-12,2,181,362
10742,1211,2023-05-11,2,314,628
10743,1483,2023-06-29,1,414,414
10744,1390,2023-05-20,3,458,1374
10745,1240,2023-12-14,5,452,2260
10746,1062,2023-09-04,3,128,384
10747,1489,2023-12-15,5,308,1540
10748,1309,2023-12-23,4,126,504
10749,1112,2023-12-28,5,75,375
10750,1014,2023-08-18,5,283,1415
10751,1047,2023-12-04,4,225,900
10752,1478,2023-10-16,5,460,2300
10753,1066,2023-06-18,2,451,902
10754,1021,2023-01-03,2,191,382
10755,1216,2023-02-07,1,304,304
10756,1082,2023-02-09,3,178,534
10757,1438,2023-05-28,3,421,1263
10758,1331,2023-11-18,1,351,351
10759,1156,2023-12-19,2,397,794
10760,1079,2023-02-08,3,198,594
10761,1042,2023-02-11,3,125,375
10762,1023,2023-02-07,3,167,501
10763,1106,2023-02-04,1,470,470
10764,1224,2023-08-16,2,487,974
10765,1489,2023-04-07,5,131,655
10766,1290,2023-03-05,3,76,228
10767,1080,2023-06-07,2,406,812
10768,1488,2023-06-12,2,160,320
10769,1068,2023-10-07,3,498,1494
10770,1096,2023-03-18,4,439,1756
10771,1439,2023-01-28,2,104,208
10772,1467,2023-08-03,5,160,800
10773,1451,2023-04-19,1,322,322
10774,1109,2023-09-17,2,283,566
10775,1299,2023-11-08,2,364,728
10776,1149,2023-09-12,5,143,715
10777,1005,2023-07-13,3,100,300
10778,1176,2023-06-26,5,131,655
10779,1159,2023-03-19,2,425,850
10780,1100,2023-04-25,4,382,1528
10781,1226,2023-11-18,2,497,994
10782,1150,2023-10-30,1,103,103
10783,1062,2023-02-22,4,62,248
10784,1039,2023-10-12,1,428,428
10785,1072,2023-08-13,2,136,272
10786,1054,2023-02-26,5,253,1265
10787,1365,2023-11-22,5,283,1415
10788,1354,2023-01-20,2,277,554
10789,1421,2023-09-08,5,369,1845
10790,1096,2023-04-03,4,109,436
10791,1156,2023-09-30,5,60,300
10792,1455,2023-11-28,5,283,1415
10793,1414,2023-05-01,3,339,1017
10794,1097,2023-02-02,4,348,1392
10795,1425,2023-10-11,4,156,624
10796,1192,2023-07-02,3,268,804
10797,1299,2023-06-20,5,94,470
10798,1071,2023-05-13,5,409,2045
10799,1043,2023-04-08,1,239,239
10800,1054,2023-11-14,2,365,730
10801,1303,2023-01-12,5,379,1895
10802,1404,2023-12-20,5,272,1360
10803,1224,2023-07-21,3,235,705
10804,1478,2023-05-29,4,136,544
10805,1015,2023-06-13,1,127,127
10806,1396,2023-06-13,4,250,1000
10807,1286,2023-08-21,4,491,1964
10808,1356,2023-04-30,3,154,462
10809,1413,2023-07-07,4,396,1584
10810,1054,2023-08-08,4,331,1324
10811,1293,2023-03-13,2,188,376
10812,1095,2023-03-30,4,424,1696
10813,1239,2023-04-07,5,254,1270
10814,1329,2023-08-19,3,480,1440
10815,1334,2023-03-12,3,108,324
10816,1236,2023-04-02,1,253,253
10817,1300,2023-07-26,1,355,355
10818,1111,2023-05-25,3,339,1017
10819,1271,2023-03-13,4,428,1712
10820,1285,2023-01-27,3,297,891
10821,1326,2023-06-20,4,414,1656
10822,1478,2023-10-21,5,125,625
10823,1303,2023-10-10,1,302,302
10824,1468,2023-02-05,1,80,80
10825,1460,2023-01-23,5,114,570
10826,1392,2023-12-15,5,322,1610
10827,1301,2023-03-01,5,143,715
10828,1021,2023-09-15,3,459,1377
10829,1243,2023-05-01,3,187,561
10830,1356,2023-06-08,3,125,375
10831,1157,2023-12-19,4,320,1280
10832,1417,2023-10-02,1,380,380
10833,1063,2023-06-01,5,258,1290
10834,1305,2023-11-29,2,309,618
10835,1016,2023-07-03,5,318,1590
10836,1458,2023-02-14,5,260,1300
10837,1472,2023-08-01,4,347,1388
10838,1431,2023-12-31,4,487,1948
10839,1431,2023-01-20,4,317,1268
10840,1449,2023-01-27,5,307,1535
10841,1495,2023-03-19,2,299,598
10842,1445,2023-07-04,5,442,2210
10843,1321,2023-07-19,2,381,762
10844,1178,2023-07-20,2,202,404
10845,1032,2023-06-09,2,190,380
10846,1237,2023-06-17,5,466,2330
10847,1020,2023-04-17,1,465,465
10848,1080,2023-02-16,1,237,237
10849,1441,2023-10-16,1,70,70
10850,1188,2023-08-11,2,148,296
10851,1118,2023-11-05,5,445,2225
10852,1371,2023-05-22,2,450,900
10853,1056,2023-02-17,2,351,702
10854,1184,2023-11-07,2,338,676
10855,1289,2023-01-24,1,364,364
10856,1373,2023-08-02,3,209,627
10857,1165,2023-10-19,2,191,382
10858,1001,2023-01-31,4,238,952
10859,1345,2023-08-29,2,125,250
10860,1005,2023-11-19,4,424,1696
10861,1158,2023-11-26,3,381,1143
10862,1228,2023-11-15,3,100,300
10863,1154,2023-08-22,5,290,1450
10864,1100,2023-06-20,5,106,530
10865,1165,2023-04-17,3,193,579
10866,1364,2023-08-21,2,317,634
10867,1173,2023-10-24,2,429,858
10868,1004,2023-06-22,2,391,782
10869,1269,2023-01-30,4,473,1892
10870,1147,2023-05-01,5,109,545
10871,1403,2023-10-11,5,408,2040
10872,1214,2023-10-01,1,112,112
10873,1384,2023-04-01,3,78,234
10874,1041,2023-09-08,2,58,116
10875,1336,2023-12-26,5,418,2090
10876,1375,2023-05-17,2,218,436
10877,1447,2023-09-24,1,276,276
10878,1346,2023-04-16,2,365,730
10879,1140,2023-02-24,4,436,1744
10880,1348,2023-04-28,2,308,616
10881,1004,2023-11-07,4,332,1328
10882,1056,2023-01-20,4,291,1164
10883,1368,2023-10-18,4,272,1088
10884,1276,2023-02-01,5,478,2390
10885,1297,2023-01-27,5,66,330
10886,1099,2023-03-09,4,440,1760
10887,1081,2023-11-13,2,130,260
10888,1102,2023-01-23,2,192,384
10889,1359,2023-12-09,1,283,283
10890,1199,2023-09-25,5,241,1205
10891,1037,2023-07-10,3,88,264
10892,1434,2023-09-14,3,315,945
10893,1498,2023-04-27,5,262,1310
10894,1292,2023-01-12,5,98,490
10895,1143,2023-01-11,1,69,69
10896,1124,2023-08-04,2,134,268
10897,1150,2023-11-08,2,248,496
10898,1018,2023-12-12,5,497,2485
10899,1005,2023-07-24,3,468,1404
10900,1438,2023-05-27,1,167,167
10901,1288,2023-01-22,2,70,140
10902,1110,2023-02-04,4,298,1192
10903,1091,2023-04-18,1,395,395
10904,1355,2023-01-31,1,359,359
10905,1435,2023-01-17,4,335,1340
10906,1209,2023-12-01,2,151,302
10907,1378,2023-05-10,1,293,293
10908,1270,2023-10-07,1,142,142
10909,1058,2023-10-23,2,482,964
10910,1110,2023-01-17,2,344,688
10911,1312,2023-12-03,1,309,309
10912,1287,2023-09-10,1,333,333
10913,1442,2023-06-06,4,159,636
10914,1157,2023-02-06,5,60,300
10915,1226,2023-04-05,4,431,1724
10916,1293,2023-01-28,3,404,1212
10917,1040,2023-07-24,5,94,470
10918,1463,2023-12-15,5,430,2150
10919,1470,2023-11-12,3,425,1275
10920,1247,2023-09-03,2,463,926
10921,1150,2023-12-26,1,278,278
10922,1018,2023-06-10,4,391,1564
10923,1228,2023-03-22,3,252,756
10924,1319,2023-07-21,1,360,360
10925,1371,2023-03-29,5,376,1880
10926,1365,2023-12-25,1,238,238
10927,1445,2023-03-31,5,338,1690
10928,1092,2023-05-01,2,101,202
10929,1060,2023-05-20,3,391,1173
10930,1008,2023-05-27,2,237,474
10931,1476,2023-04-12,4,468,1872
10932,1331,2023-02-23,5,481,2405
10933,1035,2023-10-05,2,339,678
10934,1233,2023-08-08,4,313,1252
10935,1108,2023-02-14,3,137,411
10936,1421,2023-04-15,5,429,2145
10937,1176,2023-07-08,1,200,200
10938,1096,2023-03-26,4,168,672
10939,1081,2023-11-30,4,491,1964
10940,1454,2023-06-25,4,89,356
10941,1012,2023-01-25,3,407,1221
10942,1206,2023-06-30,2,460,920
10943,1015,2023-08-19,4,345,1380
10944,1327,2023-12-12,5,68,340
10945,1198,2023-10-02,3,273,819
10946,1031,2023-07-25,2,236,472
10947,1408,2023-09-24,4,432,1728
10948,1221,2023-06-25,3,427,1281
10949,1406,2023-05-21,3,294,882
10950,1092,2023-09-15,1,382,382
10951,1117,2023-08-28,3,159,477
10952,1058,2023-08-17,5,242,1210
10953,1273,2023-12-06,3,85,255
10954,1076,2023-12-22,4,282,1128
10955,1399,2023-02-04,1,130,130
10956,1312,2023-04-04,2,253,506
10957,1448,2023-12-24,4,168,672
10958,1075,2023-04-11,2,147,294
10959,1490,2023-08-22,1,194,194
10960,1193,2023-06-30,5,342,1710
10961,1193,2023-07-11,3,142,426
10962,1003,2023-11-13,1,439,439
10963,1281,2023-08-23,2,447,894
10964,1331,2023-05-03,4,104,416
10965,1208,2023-12-29,3,499,1497
10966,1491,2023-03-02,3,488,1464
10967,1473,2023-09-14,3,450,1350
10968,1084,2023-10-18,2,264,528
10969,1024,2023-05-22,3,177,531
10970,1349,2023-05-23,1,322,322
10971,1323,2023-10-16,4,404,1616
10972,1383,2023-11-15,4,363,1452
10973,1151,2023-03-16,2,184,368
10974,1149,2023-02-21,3,104,312
10975,1466,2023-01-06,4,149,596
10976,1048,2023-05-10,3,442,1326
10977,1392,2023-11-16,2,468,936
10978,1373,2023-06-18,3,500,1500
10979,1150,2023-04-12,3,457,1371
10980,1130,2023-06-09,3,137,411
10981,1082,2023-01-17,1,196,196
10982,1061,2023-05-31,2,149,298
10983,1301,2023-04-17,5,292,1460
10984,1370,2023-02-09,1,307,307
10985,1480,2023-12-20,1,346,346
10986,1125,2023-08-20,4,382,1528
10987,1010,2023-12-01,5,419,2095
10988,1443,2023-06-17,3,147,441
10989,1296,2023-02-02,5,122,610
10990,1205,2023-08-13,4,246,984
10991,1500,2023-04-30,1,79,79
10992,1003,2023-03-11,2,492,984
10993,1219,2023-10-05,4,491,1964
10994,1224,2023-04-28,2,141,282
10995,1482,2023-01-25,4,239,956
10996,1109,2023-07-24,4,55,220
10997,1255,2023-03-01,1,113,113
10998,1279,2023-01-18,3,439,1317
10999,1323,2023-10-29,3,320,960
11000,1449,2023-01-30,2,376,752
11001,1435,2023-09-20,3,288,864
11002,1107,2023-09-28,3,445,1335
11003,1356,2023-11-29,5,298,1490
11004,1146,2023-01-09,5,425,2125
11005,1319,2023-03-11,1,80,80
11006,1316,2023-08-20,2,368,736
11007,1484,2023-02-03,5,454,2270
11008,1048,2023-12-04,5,142,710
11009,1457,2023-09-17,3,105,315
11010,1130,2023-11-24,1,153,153
11011,1497,2023-06-16,1,485,485
11012,1059,2023-07-07,5,54,270
11013,1182,2023-07-30,3,483,1449
11014,1378,2023-10-17,4,60,240
11015,1115,2023-01-19,1,273,273
11016,1014,2023-03-07,4,356,1424
11017,1190,2023-07-03,2,484,968
11018,1282,2023-05-04,4,410,1640
11019,1090,2023-05-04,3,442,1326
11020,1225,2023-03-18,2,384,768
11021,1013,2023-04-19,5,263,1315
11022,1286,2023-12-12,4,368,1472
11023,1028,2023-09-29,5,436,2180
11024,1072,2023-10-24,2,371,742
11025,1421,2023-04-15,2,497,994
11026,1164,2023-07-28,4,318,1272
11027,1066,2023-07-21,5,280,1400
11028,1425,2023-10-02,1,433,433
11029,1155,2023-01-25,4,260,1040
11030,1268,2023-04-10,5,454,2270
11031,1029,2023-07-02,4,412,1648
11032,1200,2023-06-07,3,53,159
11033,1087,2023-05-03,5,141,705
11034,1469,2023-06-19,2,461,922
11035,1250,2023-06-20,5,73,365
11036,1477,2023-05-30,2,225,450
11037,1479,2023-03-17,2,149,298
11038,1159,2023-02-22,4,171,684
11039,1185,2023-06-17,3,242,726
11040,1371,2023-11-13,5,370,1850
11041,1439,2023-07-25,1,206,206
11042,1112,2023-05-10,2,68,136
11043,1258,2023-11-27,2,201,402
11044,1015,2023-03-24,1,283,283
11045,1236,2023-10-19,2,125,250
11046,1473,2023-07-20,4,401,1604
11047,1440,2023-06-08,3,313,939
11048,1146,2023-11-07,4,497,1988
11049,1312,2023-01-17,3,73,219
11050,1397,2023-04-11,5,475,2375
11051,1026,2023-06-03,5,480,2400
11052,1208,2023-07-23,5,107,535
11053,1321,2023-12-13,2,231,462
11054,1355,2023-11-18,1,203,203
11055,1281,2023-06-11,1,449,449
11056,1402,2023-10-02,5,332,1660
11057,1455,2023-02-02,1,260,260
11058,1192,2023-10-29,1,381,381
11059,1227,2023-08-03,2,179,358
11060,1191,2023-01-06,2,490,980
11061,1119,2023-09-25,1,215,215
11062,1022,2023-02-22,5,422,2110
11063,1039,2023-12-22,2,457,914
11064,1233,2023-03-30,1,318,318
11065,1139,2023-05-22,5,131,655
11066,1349,2023-07-23,4,268,1072
11067,1489,2023-05-27,1,155,155
11068,1391,2023-04-10,5,350,1750
11069,1487,2023-08-17,2,178,356
11070,1051,2023-05-16,4,51,204
11071,1375,2023-07-30,3,380,1140
11072,1041,2023-10-30,2,465,930
11073,1445,2023-03-11,4,87,348
11074,1113,2023-05-11,5,170,850
11075,1280,2023-07-11,5,362,1810
11076,1494,2023-03-28,4,408,1632
11077,1372,2023-07-27,2,474,948
11078,1067,2023-05-14,3,472,1416
11079,1395,2023-11-25,1,100,100
11080,1128,2023-07-27,3,220,660
11081,1306,2023-09-14,3,233,699
11082,1146,2023-10-17,1,236,236
11083,1066,2023-10-31,5,290,1450
11084,1470,2023-09-02,5,449,2245
11085,1464,2023-04-13,3,391,1173
11086,1031,2023-10-31,1,356,356
11087,1465,2023-12-07,2,280,560
11088,1010,2023-01-27,3,360,1080
11089,1070,2023-10-29,5,82,410
11090,1484,2023-04-13,5,84,420
11091,1058,2023-02-08,3,98,294
11092,1078,2023-07-10,1,74,74
11093,1193,2023-04-05,2,128,256
11094,1355,2023-06-27,1,500,500
11095,1224,2023-01-10,4,473,1892
11096,1338,2023-07-04,4,370,1480
11097,1447,2023-11-11,3,225,675
11098,1307,2023-08-02,5,106,530
11099,1335,2023-08-14,2,304,608
11100,1142,2023-08-27,5,211,1055
11101,1205,2023-07-08,3,152,456
11102,1176,2023-08-29,2,327,654
11103,1166,2023-10-28,3,297,891
11104,1078,2023-12-10,1,498,498
11105,1256,2023-03-17,3,80,240
11106,1065,2023-07-24,2,492,984
11107,1427,2023-06-12,1,406,406
11108,1175,2023-08-18,2,223,446
11109,1019,2023-05-02,3,240,720
11110,1295,2023-11-02,1,86,86
11111,1302,2023-07-28,4,108,432
11112,1482,2023-05-26,4,478,1912
11113,1327,2023-10-03,2,387,774
11114,1154,2023-05-16,2,408,816
11115,1125,2023-01-11,3,311,933
11116,1063,2023-11-02,1,289,289
11117,1303,2023-03-27,2,468,936
11118,1065,2023-09-26,1,235,235
11119,1355,2023-03-25,2,466,932
11120,1372,2023-11-26,5,413,2065
11121,1211,2023-08-26,5,251,1255
11122,1315,2023-05-31,1,423,423
11123,1314,2023-06-05,2,63,126
11124,1249,2023-09-29,1,347,347
11125,1076,2023-05-05,1,189,189
11126,1065,2023-12-09,5,277,1385
11127,1277,2023-09-05,5,428,2140
11128,1002,2023-03-18,5,428,2140
11129,1492,2023-01-18,3,367,1101
11130,1151,2023-12-23,1,447,447
11131,1499,2023-07-02,1,406,406
11132,1433,2023-12-12,2,491,982
11133,1317,2023-09-24,2,96,192
11134,1298,2023-09-30,1,145,145
11135,1267,2023-05-20,2,399,798
11136,1410,2023-02-28,3,307,921
11137,1082,2023-03-17,1,111,111
11138,1092,2023-12-10,4,489,1956
11139,1083,2023-08-23,5,78,390
11140,1333,2023-05-31,3,149,447
11141,1449,2023-01-01,3,392,1176
11142,1195,2023-01-31,1,439,439
11143,1060,2023-10-29,4,210,840
11144,1018,2023-08-16,3,347,1041
11145,1383,2023-06-02,1,280,280
11146,1401,2023-02-08,4,277,1108
11147,1488,2023-06-16,2,242,484
11148,1309,2023-03-17,3,212,636
11149,1459,2023-04-05,5,94,470
11150,1104,2023-08-02,5,78,390
11151,1358,2023-08-20,5,127,635
11152,1388,2023-07-29,1,94,94
11153,1007,2023-11-12,2,311,622
11154,1084,2023-10-24,1,168,168
11155,1140,2023-12-16,2,61,122
11156,1161,2023-04-01,2,386,772
11157,1059,2023-12-22,3,103,309
11158,1117,2023-12-02,2,179,358
11159,1475,2023-12-18,1,142,142
11160,1319,2023-12-11,3,139,417
11161,1215,2023-12-22,2,164,328
11162,1203,2023-09-14,3,365,1095
11163,1262,2023-03-22,2,402,804
11164,1434,2023-03-18,4,75,300
11165,1065,2023-10-25,5,444,2220
11166,1120,2023-07-24,1,483,483
11167,1026,2023-09-04,1,279,279
11168,1143,2023-01-06,5,198,990
11169,1479,2023-05-31,4,323,1292
11170,1408,2023-09-09,3,119,357
11171,1279,2023-02-17,4,110,440
11172,1405,2023-05-10,5,411,2055
11173,1361,2023-07-09,1,364,364
11174,1316,2023-11-16,1,145,145
11175,1246,2023-12-31,4,476,1904
11176,1292,2023-05-07,1,171,171
11177,1241,2023-04-09,3,122,366
11178,1025,2023-05-15,2,113,226
11179,1252,2023-04-23,2,368,736
11180,1327,2023-03-28,3,80,240
11181,1023,2023-04-22,3,363,1089
11182,1002,2023-04-05,1,386,386
11183,1412,2023-11-04,1,198,198
11184,1283,2023-11-27,1,305,305
11185,1324,2023-08-19,3,440,1320
11186,1486,2023-05-01,2,345,690
11187,1212,2023-07-13,1,294,294
11188,1001,2023-05-23,4,191,764
11189,1006,2023-01-02,4,308,1232
11190,1228,2023-08-28,3,439,1317
11191,1178,2023-08-20,4,391,1564
11192,1266,2023-04-16,5,472,2360
11193,1337,2023-05-05,1,412,412
11194,1118,2023-11-24,5,491,2455
11195,1006,2023-03-23,2,157,314
11196,1089,2023-04-25,4,382,1528
11197,1278,2023-03-15,1,106,106
11198,1291,2023-11-06,2,387,774
11199,1120,2023-10-06,4,55,220
11200,1301,2023-03-17,5,80,400
11201,1183,2023-05-25,4,372,1488
11202,1090,2023-02-08,2,133,266
11203,1243,2023-08-25,4,391,1564
11204,1022,2023-10-26,1,190,190
11205,1478,2023-11-10,3,226,678
11206,1144,2023-09-15,4,441,1764
11207,1454,2023-07-18,1,101,101
11208,1094,2023-12-29,2,404,808
11209,1059,2023-02-03,3,66,198
11210,1192,2023-05-16,4,129,516
11211,1366,2023-11-10,4,341,1364
11212,1347,2023-06-25,4,114,456
11213,1477,2023-03-20,4,393,1572
11214,1037,2023-06-05,4,54,216
11215,1488,2023-10-30,3,184,552
11216,1137,2023-11-28,1,482,482
11217,1121,2023-05-18,3,343,1029
11218,1447,2023-08-26,4,123,492
11219,1323,2023-07-10,5,116,580
11220,1130,2023-12-13,1,157,157
11221,1472,2023-04-29,2,136,272
11222,1473,2023-09-17,5,325,1625
11223,1308,2023-02-23,2,429,858
11224,1046,2023-01-08,2,140,280
11225,1311,2023-03-25,3,370,1110
11226,1261,2023-08-08,1,258,258
11227,1118,2023-10-24,1,284,284
11228,1169,2023-11-19,4,235,940
11229,1017,2023-09-19,5,116,580
11230,1245,2023-10-23,4,478,1912
11231,1313,2023-08-28,2,329,658
11232,1411,2023-02-22,1,405,405
11233,1063,2023-09-10,2,435,870
11234,1278,2023-06-29,3,219,657
11235,1041,2023-12-05,3,467,1401
11236,1129,2023-11-14,2,106,212
11237,1405,2023-02-21,5,348,1740
11238,1402,2023-12-25,2,243,486
11239,1436,2023-07-06,2,216,432
11240,1380,2023-12-10,3,225,675
11241,1354,2023-05-12,2,235,470
11242,1413,2023-01-24,4,60,240
11243,1361,2023-01-19,3,427,1281
11244,1106,2023-03-02,3,83,249
11245,1059,2023-02-18,4,456,1824
11246,1424,2023-04-18,3,124,372
11247,1110,2023-04-09,3,84,252
11248,1166,2023-06-15,5,178,890
11249,1393,2023-11-15,1,190,190
11250,1280,2023-08-15,5,281,1405
11251,1202,2023-09-30,4,199,796
11252,1350,2023-04-14,5,88,440
11253,1464,2023-03-08,2,344,688
11254,1082,2023-06-25,5,191,955
11255,1059,2023-06-28,5,407,2035
11256,1457,2023-12-05,3,358,1074
11257,1062,2023-02-15,2,273,546
11258,1041,2023-12-18,5,421,2105
11259,1280,2023-02-19,5,380,1900
11260,1434,2023-07-11,2,372,744
11261,1392,2023-01-07,1,173,173
11262,1306,2023-05-23,4,79,316
11263,1169,2023-11-09,4,302,1208
11264,1036,2023-04-14,1,486,486
11265,1293,2023-08-27,4,275,1100
11266,1071,2023-01-18,1,184,184
11267,1229,2023-10-27,2,491,982
11268,1288,2023-10-02,3,499,1497
11269,1489,2023-03-27,2,185,370
11270,1202,2023-08-02,3,287,861
11271,1358,2023-02-05,5,279,1395
11272,1096,2023-10-13,1,404,404
11273,1234,2023-02-11,2,489,978
11274,1103,2023-01-21,5,74,370
11275,1121,2023-04-04,5,377,1885
11276,1291,2023-03-18,2,221,442
11277,1312,2023-06-15,1,222,222
11278,1327,2023-04-05,4,259,1036
11279,1272,2023-08-18,5,498,2490
11280,1468,2023-05-03,2,86,172
11281,1205,2023-06-21,4,287,1148
11282,1088,2023-02-22,3,168,504
11283,1113,2023-06-22,5,269,1345
11284,1255,2023-05-13,1,148,148
11285,1159,2023-05-22,3,134,402
11286,1093,2023-04-10,3,155,465
11287,1064,2023-04-16,5,126,630
11288,1193,2023-08-06,2,195,390
11289,1285,2023-08-03,1,241,241
11290,1104,2023-01-10,1,248,248
11291,1442,2023-12-25,4,206,824
11292,1005,2023-01-02,3,61,183
11293,1409,2023-05-24,1,162,162
11294,1394,2023-06-25,2,131,262
11295,1272,2023-01-23,3,482,1446
11296,1071,2023-09-29,2,89,178
11297,1306,2023-08-30,2,128,256
11298,1425,2023-10-31,2,435,870
11299,1138,2023-11-05,4,233,932
11300,1329,2023-01-25,3,271,813
11301,1010,2023-06-14,5,458,2290
11302,1386,2023-10-23,1,456,456
11303,1196,2023-08-15,3,205,615
11304,1318,2023-12-16,5,234,1170
11305,1043,2023-01-24,5,442,2210
11306,1360,2023-10-30,2,147,294
11307,1492,2023-02-17,4,155,620
11308,1466,2023-07-17,3,319,957
11309,1422,2023-08-29,3,266,798
11310,1250,2023-11-20,1,302,302
11311,1254,2023-05-03,5,170,850
11312,1053,2023-11-09,1,404,404
11313,1068,2023-03-28,3,322,966
11314,1259,2023-04-13,2,311,622
11315,1222,2023-07-04,3,57,171
11316,1173,2023-12-30,1,473,473
11317,1411,2023-11-23,2,374,748
11318,1330,2023-06-18,3,86,258
11319,1004,2023-03-11,5,285,1425
11320,1015,2023-07-17,5,260,1300
11321,1005,2023-02-10,4,377,1508
11322,1409,2023-03-18,1,213,213
11323,1198,2023-08-22,4,181,724
11324,1334,2023-03-30,5,273,1365
11325,1170,2023-08-23,1,77,77
11326,1068,2023-04-11,4,76,304
11327,1297,2023-04-13,1,316,316
11328,1014,2023-12-22,5,478,2390
11329,1491,2023-02-02,4,327,1308
11330,1153,2023-04-20,5,445,2225
11331,1066,2023-11-02,2,332,664
11332,1048,2023-05-21,1,112,112
11333,1043,2023-04-22,2,223,446
11334,1198,2023-06-07,5,355,1775
11335,1470,2023-08-28,1,292,292
11336,1240,2023-09-18,3,273,819
11337,1207,2023-10-29,1,191,191
11338,1224,2023-11-09,3,55,165
11339,1245,2023-12-05,1,436,436
11340,1232,2023-01-15,5,242,1210
11341,1320,2023-08-01,1,219,219
11342,1190,2023-11-06,1,297,297
11343,1394,2023-04-08,1,112,112
11344,1212,2023-10-28,1,297,297
11345,1031,2023-06-09,3,130,390
11346,1188,2023-05-29,5,133,665
11347,1397,2023-12-18,4,210,840
11348,1069,2023-08-10,2,88,176
11349,1121,2023-06-06,1,172,172
11350,1324,2023-09-14,1,456,456
11351,1270,2023-09-21,3,377,1131
11352,1146,2023-04-02,2,332,664
11353,1022,2023-02-07,2,288,576
11354,1250,2023-11-06,2,467,934
11355,1342,2023-03-29,2,288,576
11356,1201,2023-05-16,1,238,238
11357,1061,2023-05-29,2,202,404
11358,1019,2023-05-10,2,254,508
11359,1322,2023-07-09,1,496,496
11360,1453,2023-09-06,2,282,564
11361,1236,2023-12-30,2,303,606
11362,1231,2023-09-20,1,369,369
11363,1223,2023-07-06,3,121,363
11364,1262,2023-03-25,1,181,181
11365,1358,2023-08-07,3,248,744
11366,1421,2023-07-21,1,311,311
11367,1416,2023-03-25,5,351,1755
11368,1077,2023-12-06,5,90,450
11369,1213,2023-01-21,1,455,455
11370,1108,2023-06-29,4,175,700
11371,1361,2023-11-12,1,390,390
11372,1019,2023-04-18,5,243,1215
11373,1377,2023-11-14,1,182,182
11374,1155,2023-07-15,5,82,410
11375,1305,2023-03-09,5,453,2265
11376,1325,2023-10-03,3,94,282
11377,1379,2023-06-10,3,229,687
11378,1322,2023-02-22,2,303,606
11379,1334,2023-04-10,3,264,792
11380,1451,2023-05-20,4,368,1472
11381,1302,2023-02-04,5,88,440
11382,1379,2023-09-17,5,394,1970
11383,1475,2023-02-15,3,137,411
11384,1496,2023-07-04,4,91,364
11385,1066,2023-05-07,1,334,334
11386,1152,2023-12-21,5,113,565
11387,1119,2023-07-19,1,71,71
11388,1304,2023-06-15,4,484,1936
11389,1303,2023-08-28,3,141,423
11390,1112,2023-07-10,4,360,1440
11391,1086,2023-10-22,2,279,558
11392,1001,2023-11-30,4,464,1856
11393,1412,2023-12-27,4,120,480
11394,1431,2023-12-26,4,339,1356
11395,1350,2023-03-07,5,187,935
11396,1193,2023-03-22,4,436,1744
11397,1179,2023-09-02,2,59,118
11398,1307,2023-01-14,2,169,338
11399,1249,2023-07-17,5,270,1350
11400,1442,2023-06-07,4,322,1288
11401,1274,2023-05-25,4,155,620
11402,1316,2023-02-07,4,436,1744
11403,1336,2023-10-24,4,351,1404
11404,1430,2023-01-15,3,264,792
11405,1288,2023-05-21,3,395,1185
11406,1093,2023-04-21,4,189,756
11407,1316,2023-05-06,2,330,660
11408,1134,2023-08-13,3,69,207
11409,1096,2023-01-07,1,350,350
11410,1311,2023-07-29,2,378,756
11411,1483,2023-02-11,3,414,1242
11412,1297,2023-10-16,4,191,764
11413,1154,2023-07-16,4,491,1964
11414,1163,2023-10-11,3,357,1071
11415,1251,2023-05-29,1,356,356
11416,1153,2023-01-14,4,264,1056
11417,1140,2023-07-03,1,328,328
11418,1228,2023-03-14,3,196,588
11419,1171,2023-03-09,3,91,273
11420,1425,2023-11-15,1,72,72
11421,1431,2023-07-06,4,405,1620
11422,1328,2023-06-23,2,103,206
11423,1236,2023-12-07,3,432,1296
11424,1262,2023-10-13,5,402,2010
11425,1183,2023-02-04,2,136,272
11426,1311,2023-06-01,3,419,1257
11427,1316,2023-10-20,4,161,644
11428,1418,2023-08-19,4,360,1440
11429,1306,2023-01-13,1,320,320
11430,1199,2023-05-04,1,298,298
11431,1057,2023-02-01,1,231,231
11432,1350,2023-12-26,2,443,886
11433,1224,2023-06-24,5,63,315
11434,1026,2023-05-29,3,362,1086
11435,1147,2023-06-12,3,117,351
11436,1271,2023-04-16,1,468,468
11437,1157,2023-08-06,4,460,1840
11438,1177,2023-02-11,4,414,1656
11439,1131,2023-06-21,4,192,768
11440,1056,2023-10-15,3,413,1239
11441,1337,2023-09-04,4,360,1440
11442,1237,2023-10-06,3,352,1056
11443,1483,2023-07-01,5,401,2005
11444,1449,2023-05-18,3,321,963
11445,1101,2023-08-19,2,144,288
11446,1177,2023-12-07,5,371,1855
11447,1275,2023-06-19,4,101,404
11448,1083,2023-04-13,1,228,228
11449,1052,2023-03-12,1,461,461
11450,1449,2023-02-25,5,282,1410
11451,1273,2023-04-09,5,60,300
11452,1405,2023-06-27,1,304,304
11453,1040,2023-10-04,2,149,298
11454,1162,2023-06-22,2,406,812
11455,1372,2023-03-15,5,486,2430
11456,1264,2023-03-19,2,328,656
11457,1438,2023-07-26,1,266,266
11458,1417,2023-11-07,5,259,1295
11459,1098,2023-08-07,3,389,1167
11460,1344,2023-05-06,1,271,271
11461,1412,2023-12-23,3,202,606
11462,1081,2023-04-08,5,401,2005
11463,1393,2023-02-19,5,363,1815
11464,1393,2023-07-13,4,334,1336
11465,1255,2023-10-30,3,204,612
11466,1026,2023-05-02,3,353,1059
11467,1113,2023-11-27,1,371,371
11468,1203,2023-05-09,3,257,771
11469,1138,2023-01-20,3,485,1455
11470,1039,2023-04-06,3,126,378
11471,1044,2023-03-13,3,277,831
11472,1109,2023-06-03,4,86,344
11473,1399,2023-05-01,4,126,504
11474,1378,2023-10-31,2,322,644
11475,1203,2023-01-01,5,64,320
11476,1235,2023-11-27,5,395,1975
11477,1006,2023-08-24,5,444,2220
11478,1251,2023-12-09,4,477,1908
11479,1198,2023-08-16,4,73,292
11480,1213,2023-02-01,4,249,996
11481,1422,2023-09-18,5,465,2325
11482,1104,2023-06-25,2,137,274
11483,1154,2023-11-11,4,157,628
11484,1472,2023-12-23,1,322,322
11485,1480,2023-11-17,2,173,346
11486,1117,2023-07-26,4,384,1536
11487,1234,2023-05-14,2,152,304
11488,1036,2023-08-16,3,328,984
11489,1016,2023-06-25,4,129,516
11490,1458,2023-10-03,1,158,158
11491,1237,2023-11-08,3,210,630
11492,1015,2023-11-16,3,72,216
11493,1226,2023-08-16,2,118,236
11494,1204,2023-02-18,5,200,1000
11495,1229,2023-03-31,3,327,981
11496,1228,2023-04-17,3,210,630
11497,1304,2023-02-23,5,62,310
11498,1465,2024-01-01,1,249,249
11499,1291,2023-05-04,4,52,208
11500,1406,2023-03-22,2,51,102
11501,1031,2023-03-10,3,339,1017
11502,1453,2023-08-02,2,73,146
11503,1213,2023-05-17,3,147,441
11504,1202,2023-02-27,2,484,968
11505,1136,2023-03-19,2,484,968
11506,1451,2023-11-19,5,410,2050
11507,1045,2023-07-24,2,142,284
11508,1465,2023-04-18,2,433,866
11509,1177,2023-02-07,1,308,308
11510,1215,2023-08-05,5,393,1965
11511,1095,2023-03-27,3,156,468
11512,1277,2023-01-23,1,165,165
11513,1176,2023-09-03,1,468,468
11514,1278,2023-07-28,2,241,482
11515,1416,2023-12-24,3,318,954
11516,1276,2023-12-30,2,294,588
11517,1076,2023-02-03,2,170,340
11518,1190,2023-01-08,4,442,1768
11519,1444,2023-11-22,3,448,1344
11520,1384,2023-04-26,4,202,808
11521,1289,2023-03-17,2,444,888
11522,1462,2023-08-17,5,287,1435
11523,1019,2023-03-15,5,367,1835
11524,1067,2023-05-07,3,132,396
11525,1282,2023-01-01,5,235,1175
11526,1209,2023-02-23,5,150,750
11527,1254,2023-09-15,5,314,1570
11528,1050,2023-11-06,3,259,777
11529,1039,2023-01-01,2,419,838
11530,1364,2023-01-01,4,81,324
11531,1252,2023-05-25,3,323,969
11532,1373,2023-03-04,5,230,1150
11533,1164,2023-09-11,5,341,1705
11534,1129,2023-06-13,4,127,508
11535,1182,2023-09-17,3,257,771
11536,1421,2023-11-23,3,380,1140
11537,1450,2023-09-11,2,58,116
11538,1321,2023-11-19,3,264,792
11539,1030,2023-12-15,1,190,190
11540,1451,2023-12-21,1,326,326
11541,1430,2023-01-14,3,315,945
11542,1221,2023-03-09,4,209,836
11543,1475,2023-11-25,5,237,1185
11544,1303,2023-04-14,5,442,2210
11545,1329,2023-04-16,1,247,247
11546,1086,2023-11-12,2,370,740
11547,1098,2023-06-18,4,217,868
11548,1430,2023-02-20,5,101,505
11549,1371,2023-01-13,5,245,1225
11550,1003,2023-11-18,2,493,986
11551,1278,2023-03-13,4,481,1924
11552,1051,2023-09-15,5,309,1545
11553,1139,2023-07-03,1,54,54
11554,1401,2023-09-27,3,460,1380
11555,1167,2023-01-07,1,220,220
11556,1421,2023-11-27,4,374,1496
11557,1264,2023-04-10,2,276,552
11558,1431,2023-01-26,4,116,464
11559,1148,2023-03-24,2,170,340
11560,1401,2023-07-18,4,102,408
11561,1015,2023-06-04,2,441,882
11562,1366,2023-01-27,2,367,734
11563,1266,2023-08-17,4,342,1368
11564,1110,2023-11-21,3,290,870
11565,1105,2023-01-18,4,185,740
11566,1076,2023-05-24,5,100,500
11567,1053,2023-08-12,5,101,505
11568,1229,2023-03-26,4,470,1880
11569,1207,2023-12-20,3,331,993
11570,1441,2023-11-23,5,159,795
11571,1282,2023-07-31,2,55,110
11572,1012,2023-12-20,2,132,264
11573,1012,2023-08-09,4,272,1088
11574,1485,2023-09-21,5,390,1950
11575,1500,2023-07-24,2,369,738
11576,1057,2023-04-03,3,446,1338
11577,1176,2023-12-08,4,54,216
11578,1302,2023-04-19,1,428,428
11579,1001,2023-01-14,5,479,2395
11580,1459,2023-03-04,3,382,1146
11581,1022,2023-11-02,3,134,402
11582,1313,2023-09-22,3,146,438
11583,1254,2023-08-12,3,123,369
11584,1421,2023-09-23,3,432,1296
11585,1315,2023-09-25,4,244,976
11586,1466,2023-07-21,4,78,312
11587,1141,2023-10-23,2,313,626
11588,1468,2023-05-17,2,175,350
11589,1151,2023-12-30,5,50,250
11590,1357,2023-05-24,1,53,53
11591,1262,2023-09-06,2,410,820
11592,1088,2023-06-07,1,173,173
11593,1042,2023-07-24,5,402,2010
11594,1187,2023-09-13,5,255,1275
11595,1111,2023-09-02,4,103,412
11596,1022,2023-12-06,1,465,465
11597,1062,2023-01-08,5,407,2035
11598,1294,2023-12-24,4,118,472
11599,1349,2023-02-02,4,303,1212
11600,1108,2023-06-19,2,370,740
11601,1500,2023-10-10,3,139,417
11602,1476,2023-12-15,1,340,340
11603,1044,2023-06-05,5,233,1165
11604,1215,2023-11-01,4,328,1312
11605,1029,2023-07-29,3,401,1203
11606,1087,2023-03-18,3,320,960
11607,1128,2023-05-15,3,212,636
11608,1401,2023-11-02,4,125,500
11609,1463,2023-01-17,4,412,1648
11610,1268,2023-02-12,5,402,2010
11611,1250,2023-03-21,4,379,1516
11612,1490,2023-05-22,5,289,1445
11613,1323,2023-06-05,3,143,429
11614,1264,2023-10-01,3,103,309
11615,1042,2023-08-19,4,278,1112
11616,1175,2023-01-04,1,91,91
11617,1345,2023-03-16,1,373,373
11618,1422,2023-07-25,1,115,115
11619,1235,2023-08-25,3,447,1341
11620,1119,2023-09-22,1,262,262
11621,1091,2023-01-08,1,427,427
11622,1026,2023-05-14,2,404,808
11623,1253,2023-09-13,5,330,1650
11624,1022,2023-06-28,5,376,1880
11625,1005,2023-11-09,5,264,1320
11626,1135,2023-10-16,2,435,870
11627,1293,2023-02-26,5,209,1045
11628,1413,2023-08-23,1,235,235
11629,1493,2023-10-30,2,52,104
11630,1122,2023-12-29,1,225,225
11631,1093,2023-09-24,3,63,189
11632,1170,2023-11-11,3,257,771
11633,1427,2023-10-16,3,367,1101
11634,1038,2023-12-24,1,375,375
11635,1232,2023-09-28,3,182,546
11636,1030,2023-04-28,3,86,258
11637,1024,2023-04-13,5,74,370
11638,1169,2023-12-29,4,175,700
11639,1341,2023-07-15,1,240,240
11640,1099,2023-05-24,4,193,772
11641,1453,2023-12-22,1,460,460
11642,1086,2023-01-23,3,198,594
11643,1312,2023-06-18,5,148,740
11644,1377,2023-08-26,1,376,376
11645,1225,2023-05-31,5,73,365
11646,1285,2023-01-21,4,274,1096
11647,1129,2023-02-12,3,266,798
11648,1067,2023-07-13,3,307,921
11649,1317,2023-05-26,4,466,1864
11650,1160,2023-01-24,4,298,1192
11651,1124,2023-01-31,4,56,224
11652,1396,2023-10-28,3,257,771
11653,1039,2023-01-11,2,389,778
11654,1426,2023-07-18,2,122,244
11655,1274,2023-07-14,3,269,807
11656,1278,2023-04-18,4,358,1432
11657,1230,2023-10-20,5,99,495
11658,1252,2023-10-29,1,81,81
11659,1457,2023-02-02,3,55,165
11660,1298,2023-08-18,1,375,375
11661,1433,2023-04-25,5,123,615
11662,1084,2023-03-16,4,466,1864
11663,1108,2023-12-28,3,92,276
11664,1279,2023-05-29,1,428,428
11665,1203,2023-07-25,1,367,367
11666,1129,2023-05-05,1,378,378
11667,1427,2023-12-05,4,72,288
11668,1320,2023-03-14,3,156,468
11669,1455,2023-06-21,1,86,86
11670,1223,2023-10-12,2,423,846
11671,1129,2023-10-11,3,295,885
11672,1316,2023-02-11,3,228,684
11673,1102,2023-03-08,4,173,692
11674,1142,2023-02-20,2,251,502
11675,1235,2023-05-28,2,120,240
11676,1273,2023-08-30,3,349,1047
11677,1386,2023-06-04,3,73,219
11678,1144,2023-04-16,5,325,1625
11679,1474,2023-04-05,2,292,584
11680,1081,2023-11-30,3,479,1437
11681,1361,2023-01-09,1,396,396
11682,1431,2023-12-31,3,287,861
11683,1153,2023-06-22,4,177,708
11684,1194,2023-05-28,3,207,621
11685,1160,2023-11-23,3,477,1431
11686,1166,2023-04-25,5,311,1555
11687,1318,2023-12-21,3,290,870
11688,1067,2023-02-19,5,166,830
11689,1294,2023-11-08,4,374,1496
11690,1402,2023-01-18,2,433,866
11691,1441,2023-06-05,5,260,1300
11692,1025,2023-04-27,3,365,1095
11693,1314,2023-07-11,3,427,1281
11694,1293,2023-08-22,3,261,783
11695,1484,2023-11-10,3,296,888
11696,1445,2023-10-03,5,220,1100
11697,1107,2023-03-15,5,417,2085
11698,1445,2023-10-12,3,382,1146
11699,1492,2023-09-21,4,124,496
11700,1077,2023-01-01,3,137,411
11701,1271,2023-11-28,1,477,477
11702,1060,2023-01-01,2,90,180
11703,1477,2023-04-18,4,492,1968
11704,1455,2023-09-20,4,234,936
11705,1371,2023-07-25,1,97,97
11706,1422,2023-04-03,1,95,95
11707,1014,2023-06-26,3,353,1059
11708,1451,2023-11-24,5,452,2260
11709,1026,2023-10-23,4,344,1376
11710,1437,2023-06-24,3,259,777
11711,1069,2023-07-11,1,271,271
11712,1314,2023-03-14,3,348,1044
11713,1042,2023-07-30,2,468,936
11714,1267,2023-07-22,1,463,463
11715,1051,2023-06-15,3,67,201
11716,1073,2023-10-22,4,350,1400
11717,1392,2023-02-24,4,211,844
11718,1362,2023-11-10,5,448,2240
11719,1262,2023-02-15,1,68,68
11720,1208,2023-01-12,4,163,652
11721,1090,2023-01-20,1,494,494
11722,1125,2023-04-17,3,244,732
11723,1249,2023-07-10,1,377,377
11724,1481,2023-02-03,3,108,324
11725,1311,2023-07-16,5,112,560
11726,1185,2023-03-18,2,148,296
11727,1444,2023-07-04,4,204,816
11728,1097,2023-06-13,4,72,288
11729,1453,2023-11-08,3,297,891
11730,1266,2023-06-09,5,413,2065
11731,1273,2023-12-23,1,391,391
11732,1483,2024-01-01,1,84,84
11733,1165,2023-05-06,3,148,444
11734,1024,2023-08-24,3,53,159
11735,1359,2023-01-22,5,347,1735
11736,1422,2023-12-04,4,132,528
11737,1059,2023-09-05,2,126,252
11738,1368,2023-02-24,3,172,516
11739,1098,2023-11-25,4,294,1176
11740,1091,2023-10-27,5,117,585
11741,1022,2023-04-24,4,330,1320
11742,1272,2023-09-25,3,424,1272
11743,1131,2023-03-10,4,204,816
11744,1460,2023-08-11,4,105,420
11745,1022,2023-07-11,2,183,366
11746,1320,2023-08-27,2,278,556
11747,1013,2023-11-29,3,443,1329
11748,1040,2023-03-18,2,298,596
11749,1066,2023-05-31,3,395,1185
11750,1262,2023-01-10,1,294,294
11751,1068,2023-12-22,4,470,1880
11752,1173,2023-01-06,4,67,268
11753,1101,2023-09-29,3,384,1152
11754,1271,2023-02-08,2,180,360
11755,1053,2023-07-31,3,193,579
11756,1087,2023-03-23,5,455,2275
11757,1082,2023-04-12,3,74,222
11758,1472,2023-11-26,3,175,525
11759,1154,2023-02-13,5,383,1915
11760,1391,2023-01-11,2,489,978
11761,1133,2023-08-26,5,152,760
11762,1294,2023-05-27,1,364,364
11763,1304,2023-08-12,2,311,622
11764,1442,2023-08-07,5,461,2305
11765,1203,2023-09-09,1,474,474
11766,1038,2023-10-06,4,371,1484
11767,1018,2023-05-19,1,318,318
11768,1211,2023-01-03,1,385,385
11769,1319,2023-02-17,2,406,812
11770,1105,2023-12-23,5,80,400
11771,1180,2023-04-30,5,418,2090
11772,1438,2023-02-04,5,277,1385
11773,1439,2023-02-08,1,499,499
11774,1389,2023-01-03,1,72,72
11775,1150,2023-08-03,2,234,468
11776,1276,2023-11-21,5,65,325
11777,1130,2023-06-23,1,163,163
11778,1375,2023-04-18,5,126,630
11779,1368,2023-02-23,3,217,651
11780,1130,2023-10-13,5,187,935
11781,1270,2023-03-15,1,107,107
11782,1388,2023-08-16,1,432,432
11783,1324,2023-03-20,4,177,708
11784,1025,2023-12-06,1,494,494
11785,1496,2023-08-20,3,291,873
11786,1097,2023-04-29,2,348,696
11787,1246,2023-09-23,3,294,882
11788,1013,2023-06-02,2,209,418
11789,1139,2023-07-11,5,491,2455
11790,1438,2023-07-10,3,321,963
11791,1072,2023-02-10,3,453,1359
11792,1362,2023-10-16,2,302,604
11793,1426,2023-06-28,4,430,1720
11794,1134,2023-11-03,4,453,1812
11795,1090,2023-08-09,1,171,171
11796,1311,2023-02-15,4,207,828
11797,1466,2023-07-26,1,493,493
11798,1181,2023-12-29,5,84,420
11799,1045,2023-09-21,2,484,968
11800,1018,2023-11-09,5,85,425
11801,1474,2023-11-17,4,199,796
11802,1399,2023-06-27,4,282,1128
11803,1212,2023-03-01,4,115,460
11804,1193,2023-11-26,4,167,668
11805,1062,2023-03-11,5,323,1615
11806,1234,2023-06-21,2,388,776
11807,1224,2023-10-10,3,343,1029
11808,1434,2023-07-29,4,439,1756
11809,1227,2023-11-19,5,239,1195
11810,1403,2023-12-25,3,204,612
11811,1186,2023-04-12,2,420,840
11812,1067,2023-07-18,1,286,286
11813,1472,2023-06-12,4,93,372
11814,1194,2023-12-18,5,455,2275
11815,1337,2023-03-08,4,209,836
11816,1283,2023-05-02,1,451,451
11817,1378,2023-07-31,2,435,870
11818,1424,2023-09-30,4,374,1496
11819,1335,2023-09-25,3,192,576
11820,1212,2023-05-29,4,451,1804
11821,1076,2023-07-17,1,292,292
11822,1416,2023-01-05,1,307,307
11823,1313,2023-07-01,4,431,1724
11824,1122,2023-02-18,1,143,143
11825,1263,2023-01-29,4,408,1632
11826,1184,2023-05-01,5,489,2445
11827,1357,2023-12-28,5,168,840
11828,1471,2023-05-17,2,418,836
11829,1382,2023-05-11,1,118,118
11830,1292,2023-07-16,2,300,600
11831,1400,2023-04-10,3,488,1464
11832,1184,2023-12-27,5,368,1840
11833,1444,2023-02-26,1,391,391
11834,1037,2023-09-23,2,249,498
11835,1476,2023-01-01,3,455,1365
11836,1187,2023-03-12,1,426,426
11837,1228,2023-02-07,4,401,1604
11838,1182,2023-10-28,5,76,380
11839,1399,2023-08-18,4,346,1384
11840,1035,2023-11-28,4,310,1240
11841,1284,2023-04-13,1,195,195
11842,1449,2023-07-27,1,277,277
11843,1125,2023-05-05,4,410,1640
11844,1488,2023-02-01,2,177,354
11845,1416,2023-10-11,1,406,406
11846,1224,2023-09-20,2,476,952
11847,1371,2023-11-07,1,107,107
11848,1152,2023-05-30,5,406,2030
11849,1428,2023-08-16,5,201,1005
11850,1246,2023-11-03,3,216,648
11851,1341,2023-01-18,1,324,324
11852,1124,2023-07-20,5,58,290
11853,1314,2023-09-01,3,134,402
11854,1074,2023-11-21,4,202,808
11855,1375,2023-01-06,1,205,205
11856,1418,2023-04-01,3,164,492
11857,1271,2023-07-04,3,102,306
11858,1187,2023-05-09,1,336,336
11859,1346,2023-10-28,4,401,1604
11860,1441,2023-12-30,3,130,390
11861,1432,2023-02-14,3,474,1422
11862,1234,2023-05-23,2,463,926
11863,1421,2023-12-19,3,500,1500
11864,1110,2023-04-20,2,105,210
11865,1496,2023-08-26,1,444,444
11866,1426,2023-03-26,5,159,795
11867,1235,2023-05-08,5,336,1680
11868,1376,2023-12-23,2,264,528
11869,1228,2023-02-27,5,494,2470
11870,1330,2023-10-15,3,94,282
11871,1242,2023-12-31,2,455,910
11872,1356,2023-09-07,4,257,1028
11873,1094,2023-05-05,1,286,286
11874,1191,2023-06-04,3,160,480
11875,1172,2023-04-18,3,108,324
11876,1424,2023-07-17,5,390,1950
11877,1389,2023-01-28,4,191,764
11878,1126,2023-04-20,4,79,316
11879,1203,2023-02-13,2,96,192
11880,1163,2023-11-07,1,464,464
11881,1294,2023-07-25,3,386,1158
11882,1073,2023-09-24,1,230,230
11883,1034,2023-01-15,4,204,816
11884,1366,2023-07-10,1,165,165
11885,1211,2023-06-25,4,168,672
11886,1324,2023-06-24,4,461,1844
11887,1165,2023-08-30,5,285,1425
11888,1431,2023-11-12,4,184,736
11889,1341,2023-06-15,5,65,325
11890,1334,2023-01-07,4,360,1440
11891,1322,2023-10-01,3,133,399
11892,1110,2023-08-04,3,185,555
11893,1308,2023-12-28,3,361,1083
11894,1247,2023-04-28,3,129,387
11895,1197,2024-01-01,1,436,436
11896,1079,2023-09-13,5,154,770
11897,1162,2023-01-06,5,258,1290
11898,1118,2023-12-24,1,102,102
11899,1264,2023-04-01,5,289,1445
11900,1415,2023-05-28,5,344,1720
11901,1413,2023-02-22,1,498,498
11902,1154,2023-04-15,3,102,306
11903,1056,2023-10-10,2,166,332
11904,1231,2023-01-03,4,250,1000
11905,1383,2023-02-18,1,202,202
11906,1205,2023-11-21,4,241,964
11907,1415,2023-09-06,2,204,408
11908,1290,2023-09-26,4,240,960
11909,1021,2023-07-15,2,422,844
11910,1426,2023-01-16,5,158,790
11911,1011,2023-06-16,2,363,726
11912,1448,2023-10-03,1,440,440
11913,1131,2023-01-15,3,179,537
11914,1381,2023-12-12,5,100,500
11915,1300,2023-05-26,4,103,412
11916,1240,2023-10-15,3,267,801
11917,1428,2023-09-15,3,135,405
11918,1426,2023-10-19,4,472,1888
11919,1121,2023-04-21,4,399,1596
11920,1236,2023-02-08,5,356,1780
11921,1403,2023-06-11,1,262,262
11922,1340,2023-07-29,5,135,675
11923,1264,2023-06-27,2,456,912
11924,1281,2023-02-21,1,279,279
11925,1350,2023-09-17,2,90,180
11926,1484,2023-06-11,4,286,1144
11927,1391,2023-01-26,4,275,1100
11928,1248,2023-10-22,2,281,562
11929,1105,2023-08-29,5,454,2270
11930,1479,2023-03-27,3,188,564
11931,1383,2023-10-14,5,385,1925
11932,1002,2023-03-15,4,338,1352
11933,1270,2023-09-14,5,267,1335
11934,1066,2023-10-25,5,303,1515
11935,1215,2023-10-29,4,330,1320
11936,1182,2023-03-17,3,380,1140
11937,1121,2023-08-21,2,153,306
11938,1454,2023-05-03,2,252,504
11939,1108,2023-05-01,1,365,365
11940,1293,2023-04-14,3,81,243
11941,1302,2023-09-15,4,352,1408
11942,1266,2023-08-04,2,451,902
11943,1319,2023-06-24,3,89,267
11944,1065,2023-11-17,3,117,351
11945,1255,2023-10-12,3,386,1158
11946,1284,2023-11-12,1,129,129
11947,1227,2023-04-12,1,387,387
11948,1152,2023-12-17,1,279,279
11949,1032,2023-05-26,1,489,489
11950,1473,2023-03-23,2,458,916
11951,1111,2023-12-08,4,435,1740
11952,1054,2023-09-21,5,261,1305
11953,1172,2023-12-06,5,64,320
11954,1323,2023-03-21,3,274,822
11955,1456,2023-03-04,4,335,1340
11956,1247,2023-04-08,1,262,262
11957,1411,2023-10-18,4,279,1116
11958,1220,2023-01-29,3,254,762
11959,1009,2023-02-25,4,137,548
11960,1380,2023-07-19,2,324,648
11961,1031,2023-12-24,5,466,2330
11962,1443,2023-11-10,4,408,1632
11963,1034,2023-11-11,5,405,2025
11964,1214,2023-10-01,4,259,1036
11965,1396,2023-10-06,5,383,1915
11966,1092,2023-04-19,2,101,202
11967,1410,2023-01-10,4,240,960
11968,1022,2023-05-03,3,187,561
11969,1028,2023-06-01,1,400,400
11970,1263,2023-09-12,5,375,1875
11971,1294,2023-11-28,2,286,572
11972,1390,2023-11-01,2,174,348
11973,1149,2023-05-25,3,274,822
11974,1057,2023-07-20,5,391,1955
11975,1050,2023-01-20,3,216,648
11976,1440,2023-11-09,4,306,1224
11977,1366,2023-06-04,2,392,784
11978,1120,2023-12-15,4,476,1904
11979,1469,2023-07-20,5,479,2395
11980,1398,2023-05-26,1,242,242
11981,1120,2023-03-12,3,226,678
11982,1261,2023-10-23,5,491,2455
11983,1416,2023-10-01,5,206,1030
11984,1341,2023-12-18,4,104,416
11985,1094,2023-12-03,3,52,156
11986,1023,2023-09-09,5,456,2280
11987,1125,2023-10-22,4,161,644
11988,1260,2023-05-09,3,220,660
11989,1164,2023-04-11,5,307,1535
11990,1306,2023-01-01,4,493,1972
11991,1067,2023-02-22,3,452,1356
11992,1484,2023-02-26,3,129,387
11993,1052,2023-06-17,1,203,203
11994,1179,2023-02-10,4,95,380
11995,1393,2023-04-23,5,136,680
11996,1132,2023-01-04,5,423,2115
11997,1139,2023-02-12,2,64,128
11998,1477,2023-10-31,3,55,165
11999,1243,2023-09-09,5,468,2340
